"","X","link","SNP","Position","LG","CHR.x","POS.x","CHR.y","POS.y","SNPID"
"404",404,1.1083,478,4.722,"LG9",1,1083,1,1083,"GQ0178_O23-1403"
"512",512,1.10978,4596,15.786,"LG2",1,10978,1,10978,"WS0024_H01-490"
"536",536,1.11058,4615,15.786,"LG2",1,11058,1,11058,"WS00713_J24-121"
"586",586,1.11202,4660,0,"LG2",1,11202,1,11202,"WS00729_K12-46"
"707",707,1.11509,4774,8.923,"LG9",1,11509,1,11509,"WS00755_O10-56"
"743",743,1.11593,4807,15.786,"LG2",1,11593,1,11593,"WS00812_N11-54"
"964",964,1.12245,4998,15.69,"LG2",1,12245,1,12245,"WS0321_L09-760"
"1172",1172,1.12866,5181,5.294,"LG9",1,12866,1,12866,"WS0343_L07-26"
"1220",1220,1.1362,601,4.722,"LG9",1,1362,1,1362,"GQ02012_A10-915"
"1321",1321,1.155,690,11.29,"LG2",1,1550,1,1550,"GQ0205_A13-393"
"1383",1383,1.1697,748,0,"LG4",1,1697,1,1697,"GQ0208_M22-490"
"1430",1430,1.1801,790,3.768,"LG9",1,1801,1,1801,"GQ0252_L01-341"
"1501",1501,1.2006,859,5.294,"LG9",1,2006,1,2006,"GQ02801_N09-949"
"1730",1730,1.2505,1062,5.008,"LG9",1,2505,1,2505,"GQ02812_O21-328"
"1759",1759,1.2563,1089,10.623,"LG2",1,2563,1,2563,"GQ02814_F03-714"
"1786",1786,1.2615,1115,15.595,"LG2",1,2615,1,2615,"GQ02815_M08-1794"
"1891",1891,1.2863,1207,230.78,"LG1",1,2863,1,2863,"GQ02820_N10-280"
"1914",1914,1.2914,1229,21.415,"LG2",1,2914,1,2914,"GQ02822_F13-866"
"1983",1983,1.3069,1293,4.722,"LG9",1,3069,1,3069,"GQ02827_C15-131"
"2015",2015,1.3153,1320,4.722,"LG9",1,3153,1,3153,"GQ02829_L24.1:231"
"2261",2261,1.3635,1539,10.623,"LG2",1,3635,1,3635,"GQ03009_J11-117"
"2311",2311,1.3741,1585,8.923,"LG9",1,3741,1,3741,"GQ03101_C18.1:144"
"2384",2384,1.393,1650,0.163,"LG4",1,3930,1,3930,"GQ03105_K08-1437"
"2718",2718,1.4693,1948,0.817,"LG2",1,4693,1,4693,"GQ03125_C23.1:228"
"3284",3284,1.5971,2476,11.004,"LG2",1,5971,1,5971,"GQ03231_L07-286"
"3291",3291,1.5987,2482,4.722,"LG9",1,5987,1,5987,"GQ03232_G01-306"
"3390",3390,1.6212,2571,8.923,"LG9",1,6212,1,6212,"GQ03238_O23-205"
"3422",3422,1.6296,2602,15.595,"LG2",1,6296,1,6296,"GQ03302_A05-1151"
"3516",3516,1.6493,2686,15.881,"LG2",1,6493,1,6493,"GQ03309_B23-177"
"3625",3625,1.6739,2787,9.21,"LG9",1,6739,1,6739,"GQ03316_D20-720"
"3871",3871,1.7315,3015,8.256,"LG9",1,7315,1,7315,"GQ03415_I11-506"
"3909",3909,1.7406,3050,10.241,"LG2",1,7406,1,7406,"GQ03502_A08-233"
"3957",3957,1.7484,3091,3.309,"LG9",1,7484,1,7484,"GQ03505_D09.1:1405"
"3986",3986,1.7549,3119,15.786,"LG2",1,7549,1,7549,"GQ03507_M05-1129"
"4313",4313,1.8338,3418,9.587,"LG4",1,8338,1,8338,"GQ03702_H16.1:1341"
"4356",4356,1.8426,3455,9.591,"LG9",1,8426,1,8426,"GQ03705_H10.1:198"
"4487",4487,1.8729,3577,0.688,"LG9",1,8729,1,8729,"GQ03715_D06-1486"
"4573",4573,1.8909,3656,5.39,"LG9",1,8909,1,8909,"GQ03802_N04-493"
"4694",4694,1.9179,3769,4.531,"LG9",1,9179,1,9179,"GQ03811_M02-1002"
"4766",4766,1.9323,3832,5.008,"LG9",1,9323,1,9323,"GQ03816_I13-136"
"4800",4800,1.9416,3867,8.733,"LG9",1,9416,1,9416,"GQ03819_O15-653"
"4813",4813,1.9438,3880,5.008,"LG9",1,9438,1,9438,"GQ03901_L12-354"
"4891",4891,1.9604,3951,9.019,"LG9",1,9604,1,9604,"GQ03912_N02-1770"
"5069",5069,10.100509,7237,4.626,"LG9",10,100509,10,100509,"SNP_44656"
"8000",8000,16.287757,10524,9.019,"LG9",16,287757,16,287757,"SNP_112168"
"8676",8676,17.74915,10763,3.768,"LG9",17,74915,17,74915,"SNP_34536"
"8912",8912,18.223244,11531,0.229,"LG9",18,223244,18,223244,"SNP_91139"
"9343",9343,19.200173,12014,15.535,"LG9",19,200173,19,200173,"SNP_83797"
"10592",10592,22.117347,13407,8.256,"LG9",22,117347,22,117347,"SNP_51872"
"13303",13303,28.170172,16405,16.167,"LG2",28,170172,28,170172,"SNP_73115"
"14906",14906,31.64816,17718,8.828,"LG9",31,64816,31,64816,"SNP_30833"
"15532",15532,33.22187,18902,8.923,"LG9",33,221870,33,221870,"SNP_90758"
"17579",17579,37.79214,20709,0,"LG9",37,79214,37,79214,"SNP_36106"
"17756",17756,38.194154,21412,0.163,"LG4",38,194154,38,194154,"SNP_81700"
"18250",18250,39.244561,21961,8.733,"LG9",39,244561,39,244561,"SNP_97673"
"21639",21639,7.85382,5795,231.468,"LG1",7,85382,7,85382,"SNP_38286"
"21767",21767,8.162786,6363,4.722,"LG9",8,162786,8,162786,"SNP_70259"
